{"cameraMode":{"drawMode":0,"name":"Shaded","section":"Shading Mode"},"sceneLighting":false,"audioPlay":false,"sceneViewState":{"m_AlwaysRefresh":false,"showFog":true,"showSkybox":false,"showFlares":true,"showImageEffects":true,"showParticleSystems":true,"showVisualEffectGraphs":true,"m_FxEnabled":true},"in2DMode":false,"pivot":{"x":-0.10000002384185791,"y":0.3013502359390259,"z":0.09585422277450562},"rotation":{"x":0.12413672357797623,"y":-0.5733631253242493,"z":0.08841477334499359,"w":0.8050065636634827},"size":1.1277903318405152,"orthographic":true}