{"cameraMode":{"drawMode":0,"name":"Shaded","section":"Shading Mode"},"sceneLighting":false,"audioPlay":false,"sceneViewState":{"m_AlwaysRefresh":false,"showFog":true,"showSkybox":false,"showFlares":true,"showImageEffects":true,"showParticleSystems":true,"showVisualEffectGraphs":true,"m_FxEnabled":true},"in2DMode":false,"pivot":{"x":-0.02396368980407715,"y":0.4048128128051758,"z":-0.017783164978027345},"rotation":{"x":-0.273923397064209,"y":-0.047009773552417758,"z":0.013404365628957749,"w":-0.9605126976966858},"size":4.8784661293029789,"orthographic":false}